{"cameraMode":{"drawMode":0,"name":"Shaded","section":"Shading Mode"},"sceneLighting":true,"audioPlay":false,"sceneViewState":{"m_AlwaysRefresh":false,"showFog":true,"showSkybox":true,"showFlares":true,"showImageEffects":true,"showParticleSystems":true,"showVisualEffectGraphs":true,"m_FxEnabled":true},"in2DMode":false,"pivot":{"x":-14.539874076843262,"y":6.713010787963867,"z":23.444442749023439},"rotation":{"x":0.028343139216303827,"y":0.9579325914382935,"z":-0.10184553265571594,"w":0.26696571707725527},"size":0.7273902893066406,"orthographic":false}