{"cameraMode":{"drawMode":0,"name":"Shaded","section":"Shading Mode"},"sceneLighting":true,"audioPlay":false,"sceneViewState":{"m_AlwaysRefresh":false,"showFog":true,"showSkybox":true,"showFlares":true,"showImageEffects":true,"showParticleSystems":true,"showVisualEffectGraphs":true,"m_FxEnabled":true},"in2DMode":false,"pivot":{"x":-0.010201439261436463,"y":-1.2228407859802247,"z":2.4544296264648439},"rotation":{"x":0.038990266621112826,"y":0.0014986933674663306,"z":-0.00005866392166353762,"w":0.9992408156394959},"size":5.778141498565674,"orthographic":false}