{"cameraMode":{"drawMode":0,"name":"Shaded","section":"Shading Mode"},"sceneLighting":true,"audioPlay":false,"sceneViewState":{"m_AlwaysRefresh":false,"showFog":true,"showSkybox":true,"showFlares":true,"showImageEffects":true,"showParticleSystems":true,"showVisualEffectGraphs":true,"m_FxEnabled":true},"in2DMode":false,"pivot":{"x":1.247605323791504,"y":0.4038987159729004,"z":10.436053276062012},"rotation":{"x":0.07217396795749664,"y":0.04549401253461838,"z":-0.0033274879679083826,"w":0.9963864088058472},"size":10.893139839172364,"orthographic":false}