{"cameraMode":{"drawMode":0,"name":"Shaded","section":"Shading Mode"},"sceneLighting":true,"audioPlay":false,"sceneViewState":{"m_AlwaysRefresh":false,"showFog":true,"showSkybox":true,"showFlares":true,"showImageEffects":true,"showParticleSystems":true,"showVisualEffectGraphs":true,"m_FxEnabled":true},"in2DMode":false,"pivot":{"x":878.381591796875,"y":793.106201171875,"z":60.17418670654297},"rotation":{"x":-0.03749072924256325,"y":-0.0053942580707371239,"z":-0.00020238361321389675,"w":0.9992836117744446},"size":1170.462158203125,"orthographic":true}