{"cameraMode":{"drawMode":0,"name":"Shaded","section":"Shading Mode"},"sceneLighting":true,"audioPlay":false,"sceneViewState":{"m_AlwaysRefresh":false,"showFog":true,"showSkybox":true,"showFlares":true,"showImageEffects":true,"showParticleSystems":true,"showVisualEffectGraphs":true,"m_FxEnabled":true},"in2DMode":false,"pivot":{"x":-0.8479530215263367,"y":0.4225381016731262,"z":1.3817124366760255},"rotation":{"x":0.0941840186715126,"y":-0.48350808024406435,"z":0.05242293328046799,"w":0.8686785101890564},"size":3.4850735664367677,"orthographic":false}