{"cameraMode":{"drawMode":0,"name":"Shaded","section":"Shading Mode"},"sceneLighting":true,"audioPlay":false,"sceneViewState":{"m_AlwaysRefresh":false,"showFog":true,"showSkybox":true,"showFlares":true,"showImageEffects":true,"showParticleSystems":true,"showVisualEffectGraphs":true,"m_FxEnabled":true},"in2DMode":false,"pivot":{"x":0.5424745082855225,"y":-17.524612426757814,"z":23.255205154418947},"rotation":{"x":0.30779045820236208,"y":-0.01331739965826273,"z":0.004315177910029888,"w":0.9513617157936096},"size":16.837051391601564,"orthographic":false}