{"cameraMode":{"drawMode":0,"name":"Shaded","section":"Shading Mode"},"sceneLighting":true,"audioPlay":false,"sceneViewState":{"m_AlwaysRefresh":false,"showFog":true,"showSkybox":true,"showFlares":true,"showImageEffects":true,"showParticleSystems":true,"showVisualEffectGraphs":true,"m_FxEnabled":true},"in2DMode":false,"pivot":{"x":5.624615669250488,"y":-3.1325254440307619,"z":30.931636810302736},"rotation":{"x":-0.08643867075443268,"y":0.8810031414031982,"z":-0.17703840136528016,"w":-0.43014517426490786},"size":8.175249099731446,"orthographic":false}