{"cameraMode":{"drawMode":0,"name":"Shaded","section":"Shading Mode"},"sceneLighting":true,"audioPlay":false,"sceneViewState":{"m_AlwaysRefresh":false,"showFog":true,"showSkybox":true,"showFlares":true,"showImageEffects":true,"showParticleSystems":true,"showVisualEffectGraphs":true,"m_FxEnabled":true},"in2DMode":false,"pivot":{"x":0.004613399505615234,"y":0.7114825248718262,"z":0.8466939926147461},"rotation":{"x":0.047653600573539737,"y":0.11659899353981018,"z":-0.005601081531494856,"w":0.9920203685760498},"size":3.888137102127075,"orthographic":false}